app	product_id	type	price_usd	reward_qty	reward_unit	duration	notes
ABCLearning	remove_ads	non_consumable	2.99		ads_off	forever	
ABCLearning	coins_small	consumable	0.99	100	coins		
ABCLearning	coins_large	consumable	2.99	500	coins		
ABCLearning	five_lives	consumable	0.99	5	lives		
ABCLearning	unlimited_lives_1h	consumable	0.99	inf	lives	1h	
ABCLearning	unlimited_lives_forever	non_consumable	4.99	inf	lives	forever	
ABCLearning	hint_pack	consumable	1.99	10	hints		
ABCLearning	starter_pack	consumable	0.99	bundle	coins+lives+hints		
ABCLearning	season_pass_monthly	subscription	1.99		subscription	P1M	
AgeCalculator	remove_ads	non_consumable	2.99		ads_off	forever	
AnimalQuiz	remove_ads	non_consumable	2.99		ads_off	forever	
AnimalQuiz	coins_small	consumable	0.99	100	coins		
AnimalQuiz	coins_large	consumable	2.99	500	coins		
AnimalQuiz	five_lives	consumable	0.99	5	lives		
AnimalQuiz	unlimited_lives_1h	consumable	0.99	inf	lives	1h	
AnimalQuiz	unlimited_lives_forever	non_consumable	4.99	inf	lives	forever	
AnimalQuiz	hint_pack	consumable	1.99	10	hints		
AnimalQuiz	starter_pack	consumable	0.99	bundle	coins+lives+hints		
AnimalQuiz	season_pass_monthly	subscription	1.99		subscription	P1M	
AnimalSounds	remove_ads	non_consumable	2.99		ads_off	forever	
AnimalSounds	coins_small	consumable	0.99	100	coins		
AnimalSounds	coins_large	consumable	2.99	500	coins		
AnimalSounds	five_lives	consumable	0.99	5	lives		
AnimalSounds	unlimited_lives_1h	consumable	0.99	inf	lives	1h	
AnimalSounds	unlimited_lives_forever	non_consumable	4.99	inf	lives	forever	
AnimalSounds	hint_pack	consumable	1.99	10	hints		
AnimalSounds	starter_pack	consumable	0.99	bundle	coins+lives+hints		
AnimalSounds	season_pass_monthly	subscription	1.99		subscription	P1M	
AspectRatio	remove_ads	non_consumable	2.99		ads_off	forever	
AspectRatio	coins_small	consumable	0.99	100	coins		
AspectRatio	coins_large	consumable	2.99	500	coins		
AspectRatio	five_lives	consumable	0.99	5	lives		
AspectRatio	unlimited_lives_1h	consumable	0.99	inf	lives	1h	
AspectRatio	unlimited_lives_forever	non_consumable	4.99	inf	lives	forever	
AspectRatio	hint_pack	consumable	1.99	10	hints		
AspectRatio	starter_pack	consumable	0.99	bundle	coins+lives+hints		
AspectRatio	season_pass_monthly	subscription	1.99		subscription	P1M	
BMICalculator	remove_ads	non_consumable	2.99		ads_off	forever	
BMICalculator	coins_small	consumable	0.99	100	coins		
BMICalculator	coins_large	consumable	2.99	500	coins		
BMICalculator	five_lives	consumable	0.99	5	lives		
BMICalculator	unlimited_lives_1h	consumable	0.99	inf	lives	1h	
BMICalculator	unlimited_lives_forever	non_consumable	4.99	inf	lives	forever	
BMICalculator	hint_pack	consumable	1.99	10	hints		
BMICalculator	starter_pack	consumable	0.99	bundle	coins+lives+hints		
BMICalculator	season_pass_monthly	subscription	1.99		subscription	P1M	
BalloonPop	remove_ads	non_consumable	2.99		ads_off	forever	
BalloonPop	coins_small	consumable	0.99	100	coins		
BalloonPop	coins_large	consumable	2.99	500	coins		
BalloonPop	five_lives	consumable	0.99	5	lives		
BalloonPop	unlimited_lives_1h	consumable	0.99	inf	lives	1h	
BalloonPop	unlimited_lives_forever	non_consumable	4.99	inf	lives	forever	
BalloonPop	hint_pack	consumable	1.99	10	hints		
BalloonPop	starter_pack	consumable	0.99	bundle	coins+lives+hints		
BalloonPop	season_pass_monthly	subscription	1.99		subscription	P1M	
BasicMathKids	remove_ads	non_consumable	2.99		ads_off	forever	
BasicMathKids	coins_small	consumable	0.99	100	coins		
BasicMathKids	coins_large	consumable	2.99	500	coins		
BasicMathKids	five_lives	consumable	0.99	5	lives		
BasicMathKids	unlimited_lives_1h	consumable	0.99	inf	lives	1h	
BasicMathKids	unlimited_lives_forever	non_consumable	4.99	inf	lives	forever	
BasicMathKids	hint_pack	consumable	1.99	10	hints		
BasicMathKids	starter_pack	consumable	0.99	bundle	coins+lives+hints		
BasicMathKids	season_pass_monthly	subscription	1.99		subscription	P1M	
BibleQuiz	remove_ads	non_consumable	2.99		ads_off	forever	
BibleQuiz	coins_small	consumable	0.99	100	coins		
BibleQuiz	coins_large	consumable	2.99	500	coins		
BibleQuiz	five_lives	consumable	0.99	5	lives		
BibleQuiz	unlimited_lives_1h	consumable	0.99	inf	lives	1h	
BibleQuiz	unlimited_lives_forever	non_consumable	4.99	inf	lives	forever	
BibleQuiz	hint_pack	consumable	1.99	10	hints		
BibleQuiz	starter_pack	consumable	0.99	bundle	coins+lives+hints		
BibleQuiz	season_pass_monthly	subscription	1.99		subscription	P1M	
BillSplit	remove_ads	non_consumable	2.99		ads_off	forever	
BillSplit	coins_small	consumable	0.99	100	coins		
BillSplit	coins_large	consumable	2.99	500	coins		
Binairo	remove_ads	non_consumable	2.99		ads_off	forever	
Binairo	coins_small	consumable	0.99	100	coins		
Binairo	coins_large	consumable	2.99	500	coins		
Binairo	five_lives	consumable	0.99	5	lives		
Binairo	unlimited_lives_1h	consumable	0.99	inf	lives	1h	
Binairo	unlimited_lives_forever	non_consumable	4.99	inf	lives	forever	
Binairo	hint_pack	consumable	1.99	10	hints		
Binairo	starter_pack	consumable	0.99	bundle	coins+lives+hints		
Binairo	season_pass_monthly	subscription	1.99		subscription	P1M	
BlockPuzzle	remove_ads	non_consumable	2.99		ads_off	forever	
BlockPuzzle	coins_small	consumable	0.99	100	coins		
BlockPuzzle	coins_large	consumable	2.99	500	coins		
BlockPuzzle	five_lives	consumable	0.99	5	lives		
BlockPuzzle	unlimited_lives_1h	consumable	0.99	inf	lives	1h	
BlockPuzzle	unlimited_lives_forever	non_consumable	4.99	inf	lives	forever	
BlockPuzzle	hint_pack	consumable	1.99	10	hints		
BlockPuzzle	starter_pack	consumable	0.99	bundle	coins+lives+hints		
BlockPuzzle	season_pass_monthly	subscription	1.99		subscription	P1M	
BloodPressureLog	remove_ads	non_consumable	2.99		ads_off	forever	
BloodPressureLog	coins_small	consumable	0.99	100	coins		
BloodPressureLog	coins_large	consumable	2.99	500	coins		
BloodPressureLog	five_lives	consumable	0.99	5	lives		
BloodPressureLog	unlimited_lives_1h	consumable	0.99	inf	lives	1h	
BloodPressureLog	unlimited_lives_forever	non_consumable	4.99	inf	lives	forever	
BloodPressureLog	hint_pack	consumable	1.99	10	hints		
BloodPressureLog	starter_pack	consumable	0.99	bundle	coins+lives+hints		
BloodPressureLog	season_pass_monthly	subscription	1.99		subscription	P1M	
BloodSugarLog	remove_ads	non_consumable	2.99		ads_off	forever	
BloodSugarLog	coins_small	consumable	0.99	100	coins		
BloodSugarLog	coins_large	consumable	2.99	500	coins		
BloodSugarLog	five_lives	consumable	0.99	5	lives		
BloodSugarLog	unlimited_lives_1h	consumable	0.99	inf	lives	1h	
BloodSugarLog	unlimited_lives_forever	non_consumable	4.99	inf	lives	forever	
BloodSugarLog	hint_pack	consumable	1.99	10	hints		
BloodSugarLog	starter_pack	consumable	0.99	bundle	coins+lives+hints		
BloodSugarLog	season_pass_monthly	subscription	1.99		subscription	P1M	
BreathingExercise	remove_ads	non_consumable	2.99		ads_off	forever	
BreathingExercise	coins_small	consumable	0.99	100	coins		
BreathingExercise	coins_large	consumable	2.99	500	coins		
BreathingExercise	five_lives	consumable	0.99	5	lives		
BreathingExercise	unlimited_lives_1h	consumable	0.99	inf	lives	1h	
BreathingExercise	unlimited_lives_forever	non_consumable	4.99	inf	lives	forever	
BreathingExercise	hint_pack	consumable	1.99	10	hints		
BreathingExercise	starter_pack	consumable	0.99	bundle	coins+lives+hints		
BreathingExercise	season_pass_monthly	subscription	1.99		subscription	P1M	
BrickBreaker	remove_ads	non_consumable	2.99		ads_off	forever	
BrickBreaker	coins_small	consumable	0.99	100	coins		
BrickBreaker	coins_large	consumable	2.99	500	coins		
BrickBreaker	five_lives	consumable	0.99	5	lives		
BrickBreaker	unlimited_lives_1h	consumable	0.99	inf	lives	1h	
BrickBreaker	unlimited_lives_forever	non_consumable	4.99	inf	lives	forever	
BrickBreaker	hint_pack	consumable	1.99	10	hints		
BrickBreaker	starter_pack	consumable	0.99	bundle	coins+lives+hints		
BrickBreaker	season_pass_monthly	subscription	1.99		subscription	P1M	
BubbleShooter	remove_ads	non_consumable	2.99		ads_off	forever	
BubbleShooter	coins_small	consumable	0.99	100	coins		
BubbleShooter	coins_large	consumable	2.99	500	coins		
BubbleShooter	five_lives	consumable	0.99	5	lives		
BubbleShooter	unlimited_lives_1h	consumable	0.99	inf	lives	1h	
BubbleShooter	unlimited_lives_forever	non_consumable	4.99	inf	lives	forever	
BubbleShooter	hint_pack	consumable	1.99	10	hints		
BubbleShooter	starter_pack	consumable	0.99	bundle	coins+lives+hints		
BubbleShooter	season_pass_monthly	subscription	1.99		subscription	P1M	
BudgetPlanner	remove_ads	non_consumable	2.99		ads_off	forever	
BudgetPlanner	coins_small	consumable	0.99	100	coins		
BudgetPlanner	coins_large	consumable	2.99	500	coins		
BudgetPlanner	five_lives	consumable	0.99	5	lives		
BudgetPlanner	unlimited_lives_1h	consumable	0.99	inf	lives	1h	
BudgetPlanner	unlimited_lives_forever	non_consumable	4.99	inf	lives	forever	
BudgetPlanner	hint_pack	consumable	1.99	10	hints		
BudgetPlanner	starter_pack	consumable	0.99	bundle	coins+lives+hints		
BudgetPlanner	season_pass_monthly	subscription	1.99		subscription	P1M	
CapitalCities	remove_ads	non_consumable	2.99		ads_off	forever	
CapitalCities	coins_small	consumable	0.99	100	coins		
CapitalCities	coins_large	consumable	2.99	500	coins		
CapitalCities	five_lives	consumable	0.99	5	lives		
CapitalCities	unlimited_lives_1h	consumable	0.99	inf	lives	1h	
CapitalCities	unlimited_lives_forever	non_consumable	4.99	inf	lives	forever	
CapitalCities	hint_pack	consumable	1.99	10	hints		
CapitalCities	starter_pack	consumable	0.99	bundle	coins+lives+hints		
CapitalCities	season_pass_monthly	subscription	1.99		subscription	P1M	
CharadesApp	remove_ads	non_consumable	2.99		ads_off	forever	
CharadesApp	coins_small	consumable	0.99	100	coins		
CharadesApp	coins_large	consumable	2.99	500	coins		
CharadesApp	five_lives	consumable	0.99	5	lives		
CharadesApp	unlimited_lives_1h	consumable	0.99	inf	lives	1h	
CharadesApp	unlimited_lives_forever	non_consumable	4.99	inf	lives	forever	
CharadesApp	hint_pack	consumable	1.99	10	hints		
CharadesApp	starter_pack	consumable	0.99	bundle	coins+lives+hints		
CharadesApp	season_pass_monthly	subscription	1.99		subscription	P1M	
ChessClock	remove_ads	non_consumable	2.99		ads_off	forever	
ChessClock	coins_small	consumable	0.99	100	coins		
ChessClock	coins_large	consumable	2.99	500	coins		
ChessClock	five_lives	consumable	0.99	5	lives		
ChessClock	unlimited_lives_1h	consumable	0.99	inf	lives	1h	
ChessClock	unlimited_lives_forever	non_consumable	4.99	inf	lives	forever	
ChessClock	hint_pack	consumable	1.99	10	hints		
ChessClock	starter_pack	consumable	0.99	bundle	coins+lives+hints		
ChessClock	season_pass_monthly	subscription	1.99		subscription	P1M	
ChoreChart	remove_ads	non_consumable	2.99		ads_off	forever	
ChoreChart	coins_small	consumable	0.99	100	coins		
ChoreChart	coins_large	consumable	2.99	500	coins		
ChoreChart	five_lives	consumable	0.99	5	lives		
ChoreChart	unlimited_lives_1h	consumable	0.99	inf	lives	1h	
ChoreChart	unlimited_lives_forever	non_consumable	4.99	inf	lives	forever	
ChoreChart	hint_pack	consumable	1.99	10	hints		
ChoreChart	starter_pack	consumable	0.99	bundle	coins+lives+hints		
ChoreChart	season_pass_monthly	subscription	1.99		subscription	P1M	
CocktailGuide	remove_ads	non_consumable	2.99		ads_off	forever	
CocktailGuide	coins_small	consumable	0.99	100	coins		
CocktailGuide	coins_large	consumable	2.99	500	coins		
CocktailGuide	five_lives	consumable	0.99	5	lives		
CocktailGuide	unlimited_lives_1h	consumable	0.99	inf	lives	1h	
CocktailGuide	unlimited_lives_forever	non_consumable	4.99	inf	lives	forever	
CocktailGuide	hint_pack	consumable	1.99	10	hints		
CocktailGuide	starter_pack	consumable	0.99	bundle	coins+lives+hints		
CocktailGuide	season_pass_monthly	subscription	1.99		subscription	P1M	
CoffeeGuide	remove_ads	non_consumable	2.99		ads_off	forever	
CoffeeGuide	coins_small	consumable	0.99	100	coins		
CoffeeGuide	coins_large	consumable	2.99	500	coins		
CoffeeGuide	five_lives	consumable	0.99	5	lives		
CoffeeGuide	unlimited_lives_1h	consumable	0.99	inf	lives	1h	
CoffeeGuide	unlimited_lives_forever	non_consumable	4.99	inf	lives	forever	
CoffeeGuide	hint_pack	consumable	1.99	10	hints		
CoffeeGuide	starter_pack	consumable	0.99	bundle	coins+lives+hints		
CoffeeGuide	season_pass_monthly	subscription	1.99		subscription	P1M	
CoinFlip	remove_ads	non_consumable	2.99		ads_off	forever	
ColorFill	remove_ads	non_consumable	2.99		ads_off	forever	
ColorFill	coins_small	consumable	0.99	100	coins		
ColorFill	coins_large	consumable	2.99	500	coins		
CompoundInterest	remove_ads	non_consumable	2.99		ads_off	forever	
CompoundInterest	coins_small	consumable	0.99	100	coins		
CompoundInterest	coins_large	consumable	2.99	500	coins		
CompoundInterest	five_lives	consumable	0.99	5	lives		
CompoundInterest	unlimited_lives_1h	consumable	0.99	inf	lives	1h	
CompoundInterest	unlimited_lives_forever	non_consumable	4.99	inf	lives	forever	
CompoundInterest	hint_pack	consumable	1.99	10	hints		
CompoundInterest	starter_pack	consumable	0.99	bundle	coins+lives+hints		
CompoundInterest	season_pass_monthly	subscription	1.99		subscription	P1M	
Connections	remove_ads	non_consumable	2.99		ads_off	forever	
Connections	coins_small	consumable	0.99	100	coins		
Connections	coins_large	consumable	2.99	500	coins		
Connections	five_lives	consumable	0.99	5	lives		
Connections	unlimited_lives_1h	consumable	0.99	inf	lives	1h	
Connections	unlimited_lives_forever	non_consumable	4.99	inf	lives	forever	
Connections	hint_pack	consumable	1.99	10	hints		
Connections	starter_pack	consumable	0.99	bundle	coins+lives+hints		
Connections	season_pass_monthly	subscription	1.99		subscription	P1M	
CountingApp	remove_ads	non_consumable	2.99		ads_off	forever	
CountingApp	coins_small	consumable	0.99	100	coins		
CountingApp	coins_large	consumable	2.99	500	coins		
CountingApp	five_lives	consumable	0.99	5	lives		
CountingApp	unlimited_lives_1h	consumable	0.99	inf	lives	1h	
CountingApp	unlimited_lives_forever	non_consumable	4.99	inf	lives	forever	
CountingApp	hint_pack	consumable	1.99	10	hints		
CountingApp	starter_pack	consumable	0.99	bundle	coins+lives+hints		
CountingApp	season_pass_monthly	subscription	1.99		subscription	P1M	
Cryptogram	remove_ads	non_consumable	2.99		ads_off	forever	
Cryptogram	coins_small	consumable	0.99	100	coins		
Cryptogram	coins_large	consumable	2.99	500	coins		
Cryptogram	five_lives	consumable	0.99	5	lives		
Cryptogram	unlimited_lives_1h	consumable	0.99	inf	lives	1h	
Cryptogram	unlimited_lives_forever	non_consumable	4.99	inf	lives	forever	
Cryptogram	hint_pack	consumable	1.99	10	hints		
Cryptogram	starter_pack	consumable	0.99	bundle	coins+lives+hints		
Cryptogram	season_pass_monthly	subscription	1.99		subscription	P1M	
CurrencyConverter	remove_ads	non_consumable	2.99		ads_off	forever	
CurrencyConverter	coins_small	consumable	0.99	100	coins		
CurrencyConverter	coins_large	consumable	2.99	500	coins		
CurrencyConverter	five_lives	consumable	0.99	5	lives		
CurrencyConverter	unlimited_lives_1h	consumable	0.99	inf	lives	1h	
CurrencyConverter	unlimited_lives_forever	non_consumable	4.99	inf	lives	forever	
CurrencyConverter	hint_pack	consumable	1.99	10	hints		
CurrencyConverter	starter_pack	consumable	0.99	bundle	coins+lives+hints		
CurrencyConverter	season_pass_monthly	subscription	1.99		subscription	P1M	
DartsScorer	remove_ads	non_consumable	2.99		ads_off	forever	
DartsScorer	coins_small	consumable	0.99	100	coins		
DartsScorer	coins_large	consumable	2.99	500	coins		
DartsScorer	five_lives	consumable	0.99	5	lives		
DartsScorer	unlimited_lives_1h	consumable	0.99	inf	lives	1h	
DartsScorer	unlimited_lives_forever	non_consumable	4.99	inf	lives	forever	
DartsScorer	hint_pack	consumable	1.99	10	hints		
DartsScorer	starter_pack	consumable	0.99	bundle	coins+lives+hints		
DartsScorer	season_pass_monthly	subscription	1.99		subscription	P1M	
DecisionMaker	remove_ads	non_consumable	2.99		ads_off	forever	
DecisionMaker	coins_small	consumable	0.99	100	coins		
DecisionMaker	coins_large	consumable	2.99	500	coins		
DecisionMaker	five_lives	consumable	0.99	5	lives		
DecisionMaker	unlimited_lives_1h	consumable	0.99	inf	lives	1h	
DecisionMaker	unlimited_lives_forever	non_consumable	4.99	inf	lives	forever	
DecisionMaker	hint_pack	consumable	1.99	10	hints		
DecisionMaker	starter_pack	consumable	0.99	bundle	coins+lives+hints		
DecisionMaker	season_pass_monthly	subscription	1.99		subscription	P1M	
DiceRoller	remove_ads	non_consumable	2.99		ads_off	forever	
DiceRoller	coins_small	consumable	0.99	100	coins		
DiceRoller	coins_large	consumable	2.99	500	coins		
DiceRoller	five_lives	consumable	0.99	5	lives		
DiceRoller	unlimited_lives_1h	consumable	0.99	inf	lives	1h	
DiceRoller	unlimited_lives_forever	non_consumable	4.99	inf	lives	forever	
DiceRoller	hint_pack	consumable	1.99	10	hints		
DiceRoller	starter_pack	consumable	0.99	bundle	coins+lives+hints		
DiceRoller	season_pass_monthly	subscription	1.99		subscription	P1M	
DinosaurApp	remove_ads	non_consumable	2.99		ads_off	forever	
DinosaurApp	coins_small	consumable	0.99	100	coins		
DinosaurApp	coins_large	consumable	2.99	500	coins		
DinosaurApp	five_lives	consumable	0.99	5	lives		
DinosaurApp	unlimited_lives_1h	consumable	0.99	inf	lives	1h	
DinosaurApp	unlimited_lives_forever	non_consumable	4.99	inf	lives	forever	
DinosaurApp	hint_pack	consumable	1.99	10	hints		
DinosaurApp	starter_pack	consumable	0.99	bundle	coins+lives+hints		
DinosaurApp	season_pass_monthly	subscription	1.99		subscription	P1M	
DotArt	remove_ads	non_consumable	2.99		ads_off	forever	
DotArt	coins_small	consumable	0.99	100	coins		
DotArt	coins_large	consumable	2.99	500	coins		
DotArt	five_lives	consumable	0.99	5	lives		
DotArt	unlimited_lives_1h	consumable	0.99	inf	lives	1h	
DotArt	unlimited_lives_forever	non_consumable	4.99	inf	lives	forever	
DotArt	hint_pack	consumable	1.99	10	hints		
DotArt	starter_pack	consumable	0.99	bundle	coins+lives+hints		
DotArt	season_pass_monthly	subscription	1.99		subscription	P1M	
DrumMachine	remove_ads	non_consumable	2.99		ads_off	forever	
DrumMachine	coins_small	consumable	0.99	100	coins		
DrumMachine	coins_large	consumable	2.99	500	coins		
DrumMachine	five_lives	consumable	0.99	5	lives		
DrumMachine	unlimited_lives_1h	consumable	0.99	inf	lives	1h	
DrumMachine	unlimited_lives_forever	non_consumable	4.99	inf	lives	forever	
DrumMachine	hint_pack	consumable	1.99	10	hints		
DrumMachine	starter_pack	consumable	0.99	bundle	coins+lives+hints		
DrumMachine	season_pass_monthly	subscription	1.99		subscription	P1M	
EmojiQuiz	remove_ads	non_consumable	2.99		ads_off	forever	
EmojiQuiz	coins_small	consumable	0.99	100	coins		
EmojiQuiz	coins_large	consumable	2.99	500	coins		
EmojiQuiz	five_lives	consumable	0.99	5	lives		
EmojiQuiz	unlimited_lives_1h	consumable	0.99	inf	lives	1h	
EmojiQuiz	unlimited_lives_forever	non_consumable	4.99	inf	lives	forever	
EmojiQuiz	hint_pack	consumable	1.99	10	hints		
EmojiQuiz	starter_pack	consumable	0.99	bundle	coins+lives+hints		
EmojiQuiz	season_pass_monthly	subscription	1.99		subscription	P1M	
EmotionFlash	remove_ads	non_consumable	2.99		ads_off	forever	
EmotionFlash	coins_small	consumable	0.99	100	coins		
EmotionFlash	coins_large	consumable	2.99	500	coins		
EmotionFlash	five_lives	consumable	0.99	5	lives		
EmotionFlash	unlimited_lives_1h	consumable	0.99	inf	lives	1h	
EmotionFlash	unlimited_lives_forever	non_consumable	4.99	inf	lives	forever	
EmotionFlash	hint_pack	consumable	1.99	10	hints		
EmotionFlash	starter_pack	consumable	0.99	bundle	coins+lives+hints		
EmotionFlash	season_pass_monthly	subscription	1.99		subscription	P1M	
ExpenseTracker	remove_ads	non_consumable	2.99		ads_off	forever	
ExpenseTracker	coins_small	consumable	0.99	100	coins		
ExpenseTracker	coins_large	consumable	2.99	500	coins		
ExpenseTracker	five_lives	consumable	0.99	5	lives		
ExpenseTracker	unlimited_lives_1h	consumable	0.99	inf	lives	1h	
ExpenseTracker	unlimited_lives_forever	non_consumable	4.99	inf	lives	forever	
ExpenseTracker	hint_pack	consumable	1.99	10	hints		
ExpenseTracker	starter_pack	consumable	0.99	bundle	coins+lives+hints		
ExpenseTracker	season_pass_monthly	subscription	1.99		subscription	P1M	
EyeRest	remove_ads	non_consumable	2.99		ads_off	forever	
EyeRest	coins_small	consumable	0.99	100	coins		
EyeRest	coins_large	consumable	2.99	500	coins		
EyeRest	five_lives	consumable	0.99	5	lives		
EyeRest	unlimited_lives_1h	consumable	0.99	inf	lives	1h	
EyeRest	unlimited_lives_forever	non_consumable	4.99	inf	lives	forever	
EyeRest	hint_pack	consumable	1.99	10	hints		
EyeRest	starter_pack	consumable	0.99	bundle	coins+lives+hints		
EyeRest	season_pass_monthly	subscription	1.99		subscription	P1M	
FastingTimer	remove_ads	non_consumable	2.99		ads_off	forever	
FastingTimer	coins_small	consumable	0.99	100	coins		
FastingTimer	coins_large	consumable	2.99	500	coins		
FastingTimer	five_lives	consumable	0.99	5	lives		
FastingTimer	unlimited_lives_1h	consumable	0.99	inf	lives	1h	
FastingTimer	unlimited_lives_forever	non_consumable	4.99	inf	lives	forever	
FastingTimer	hint_pack	consumable	1.99	10	hints		
FastingTimer	starter_pack	consumable	0.99	bundle	coins+lives+hints		
FastingTimer	season_pass_monthly	subscription	1.99		subscription	P1M	
FindDifference	remove_ads	non_consumable	2.99		ads_off	forever	
FindDifference	coins_small	consumable	0.99	100	coins		
FindDifference	coins_large	consumable	2.99	500	coins		
FindDifference	five_lives	consumable	0.99	5	lives		
FindDifference	unlimited_lives_1h	consumable	0.99	inf	lives	1h	
FindDifference	unlimited_lives_forever	non_consumable	4.99	inf	lives	forever	
FindDifference	hint_pack	consumable	1.99	10	hints		
FindDifference	starter_pack	consumable	0.99	bundle	coins+lives+hints		
FindDifference	season_pass_monthly	subscription	1.99		subscription	P1M	
Fireworks	remove_ads	non_consumable	2.99		ads_off	forever	
Fireworks	coins_small	consumable	0.99	100	coins		
Fireworks	coins_large	consumable	2.99	500	coins		
FishingLog	remove_ads	non_consumable	2.99		ads_off	forever	
FishingLog	coins_small	consumable	0.99	100	coins		
FishingLog	coins_large	consumable	2.99	500	coins		
FishingLog	five_lives	consumable	0.99	5	lives		
FishingLog	unlimited_lives_1h	consumable	0.99	inf	lives	1h	
FishingLog	unlimited_lives_forever	non_consumable	4.99	inf	lives	forever	
FishingLog	hint_pack	consumable	1.99	10	hints		
FishingLog	starter_pack	consumable	0.99	bundle	coins+lives+hints		
FishingLog	season_pass_monthly	subscription	1.99		subscription	P1M	
FlagQuiz	remove_ads	non_consumable	2.99		ads_off	forever	
FlagQuiz	coins_small	consumable	0.99	100	coins		
FlagQuiz	coins_large	consumable	2.99	500	coins		
FlagQuiz	five_lives	consumable	0.99	5	lives		
FlagQuiz	unlimited_lives_1h	consumable	0.99	inf	lives	1h	
FlagQuiz	unlimited_lives_forever	non_consumable	4.99	inf	lives	forever	
FlagQuiz	hint_pack	consumable	1.99	10	hints		
FlagQuiz	starter_pack	consumable	0.99	bundle	coins+lives+hints		
FlagQuiz	season_pass_monthly	subscription	1.99		subscription	P1M	
FlappyBird	remove_ads	non_consumable	2.99		ads_off	forever	
FlappyBird	coins_small	consumable	0.99	100	coins		
FlappyBird	coins_large	consumable	2.99	500	coins		
FlashcardMaker	remove_ads	non_consumable	2.99		ads_off	forever	
FlashcardMaker	coins_small	consumable	0.99	100	coins		
FlashcardMaker	coins_large	consumable	2.99	500	coins		
FlashcardMaker	five_lives	consumable	0.99	5	lives		
FlashcardMaker	unlimited_lives_1h	consumable	0.99	inf	lives	1h	
FlashcardMaker	unlimited_lives_forever	non_consumable	4.99	inf	lives	forever	
FlashcardMaker	hint_pack	consumable	1.99	10	hints		
FlashcardMaker	starter_pack	consumable	0.99	bundle	coins+lives+hints		
FlashcardMaker	season_pass_monthly	subscription	1.99		subscription	P1M	
FlashlightSOS	remove_ads	non_consumable	2.99		ads_off	forever	
FoodQuiz	remove_ads	non_consumable	2.99		ads_off	forever	
FoodQuiz	coins_small	consumable	0.99	100	coins		
FoodQuiz	coins_large	consumable	2.99	500	coins		
FoodQuiz	five_lives	consumable	0.99	5	lives		
FoodQuiz	unlimited_lives_1h	consumable	0.99	inf	lives	1h	
FoodQuiz	unlimited_lives_forever	non_consumable	4.99	inf	lives	forever	
FoodQuiz	hint_pack	consumable	1.99	10	hints		
FoodQuiz	starter_pack	consumable	0.99	bundle	coins+lives+hints		
FoodQuiz	season_pass_monthly	subscription	1.99		subscription	P1M	
FootballQuiz	remove_ads	non_consumable	2.99		ads_off	forever	
FootballQuiz	coins_small	consumable	0.99	100	coins		
FootballQuiz	coins_large	consumable	2.99	500	coins		
FootballQuiz	five_lives	consumable	0.99	5	lives		
FootballQuiz	unlimited_lives_1h	consumable	0.99	inf	lives	1h	
FootballQuiz	unlimited_lives_forever	non_consumable	4.99	inf	lives	forever	
FootballQuiz	hint_pack	consumable	1.99	10	hints		
FootballQuiz	starter_pack	consumable	0.99	bundle	coins+lives+hints		
FootballQuiz	season_pass_monthly	subscription	1.99		subscription	P1M	
FruitMerge	remove_ads	non_consumable	2.99		ads_off	forever	
FruitMerge	coins_small	consumable	0.99	100	coins		
FruitMerge	coins_large	consumable	2.99	500	coins		
FruitMerge	five_lives	consumable	0.99	5	lives		
FruitMerge	unlimited_lives_1h	consumable	0.99	inf	lives	1h	
FruitMerge	unlimited_lives_forever	non_consumable	4.99	inf	lives	forever	
FruitMerge	hint_pack	consumable	1.99	10	hints		
FruitMerge	starter_pack	consumable	0.99	bundle	coins+lives+hints		
FruitMerge	season_pass_monthly	subscription	1.99		subscription	P1M	
FruitSort	remove_ads	non_consumable	2.99		ads_off	forever	
FruitSort	coins_small	consumable	0.99	100	coins		
FruitSort	coins_large	consumable	2.99	500	coins		
FruitSort	five_lives	consumable	0.99	5	lives		
FruitSort	unlimited_lives_1h	consumable	0.99	inf	lives	1h	
FruitSort	unlimited_lives_forever	non_consumable	4.99	inf	lives	forever	
FruitSort	hint_pack	consumable	1.99	10	hints		
FruitSort	starter_pack	consumable	0.99	bundle	coins+lives+hints		
FruitSort	season_pass_monthly	subscription	1.99		subscription	P1M	
GPACalculator	remove_ads	non_consumable	2.99		ads_off	forever	
GPACalculator	coins_small	consumable	0.99	100	coins		
GPACalculator	coins_large	consumable	2.99	500	coins		
GPACalculator	five_lives	consumable	0.99	5	lives		
GPACalculator	unlimited_lives_1h	consumable	0.99	inf	lives	1h	
GPACalculator	unlimited_lives_forever	non_consumable	4.99	inf	lives	forever	
GPACalculator	hint_pack	consumable	1.99	10	hints		
GPACalculator	starter_pack	consumable	0.99	bundle	coins+lives+hints		
GPACalculator	season_pass_monthly	subscription	1.99		subscription	P1M	
GeneralQuiz	remove_ads	non_consumable	2.99		ads_off	forever	
GeneralQuiz	coins_small	consumable	0.99	100	coins		
GeneralQuiz	coins_large	consumable	2.99	500	coins		
GeneralQuiz	five_lives	consumable	0.99	5	lives		
GeneralQuiz	unlimited_lives_1h	consumable	0.99	inf	lives	1h	
GeneralQuiz	unlimited_lives_forever	non_consumable	4.99	inf	lives	forever	
GeneralQuiz	hint_pack	consumable	1.99	10	hints		
GeneralQuiz	starter_pack	consumable	0.99	bundle	coins+lives+hints		
GeneralQuiz	season_pass_monthly	subscription	1.99		subscription	P1M	
GeographyQuiz	remove_ads	non_consumable	2.99		ads_off	forever	
GeographyQuiz	coins_small	consumable	0.99	100	coins		
GeographyQuiz	coins_large	consumable	2.99	500	coins		
GeographyQuiz	five_lives	consumable	0.99	5	lives		
GeographyQuiz	unlimited_lives_1h	consumable	0.99	inf	lives	1h	
GeographyQuiz	unlimited_lives_forever	non_consumable	4.99	inf	lives	forever	
GeographyQuiz	hint_pack	consumable	1.99	10	hints		
GeographyQuiz	starter_pack	consumable	0.99	bundle	coins+lives+hints		
GeographyQuiz	season_pass_monthly	subscription	1.99		subscription	P1M	
GolfScorecard	remove_ads	non_consumable	2.99		ads_off	forever	
GolfScorecard	coins_small	consumable	0.99	100	coins		
GolfScorecard	coins_large	consumable	2.99	500	coins		
GolfScorecard	five_lives	consumable	0.99	5	lives		
GolfScorecard	unlimited_lives_1h	consumable	0.99	inf	lives	1h	
GolfScorecard	unlimited_lives_forever	non_consumable	4.99	inf	lives	forever	
GolfScorecard	hint_pack	consumable	1.99	10	hints		
GolfScorecard	starter_pack	consumable	0.99	bundle	coins+lives+hints		
GolfScorecard	season_pass_monthly	subscription	1.99		subscription	P1M	
GroceryList	remove_ads	non_consumable	2.99		ads_off	forever	
GroceryList	coins_small	consumable	0.99	100	coins		
GroceryList	coins_large	consumable	2.99	500	coins		
GroceryList	five_lives	consumable	0.99	5	lives		
GroceryList	unlimited_lives_1h	consumable	0.99	inf	lives	1h	
GroceryList	unlimited_lives_forever	non_consumable	4.99	inf	lives	forever	
GroceryList	hint_pack	consumable	1.99	10	hints		
GroceryList	starter_pack	consumable	0.99	bundle	coins+lives+hints		
GroceryList	season_pass_monthly	subscription	1.99		subscription	P1M	
GuitarChords	remove_ads	non_consumable	2.99		ads_off	forever	
HabitTracker	remove_ads	non_consumable	2.99		ads_off	forever	
HabitTracker	coins_small	consumable	0.99	100	coins		
HabitTracker	coins_large	consumable	2.99	500	coins		
HabitTracker	five_lives	consumable	0.99	5	lives		
HabitTracker	unlimited_lives_1h	consumable	0.99	inf	lives	1h	
HabitTracker	unlimited_lives_forever	non_consumable	4.99	inf	lives	forever	
HabitTracker	hint_pack	consumable	1.99	10	hints		
HabitTracker	starter_pack	consumable	0.99	bundle	coins+lives+hints		
HabitTracker	season_pass_monthly	subscription	1.99		subscription	P1M	
Hangman	remove_ads	non_consumable	2.99		ads_off	forever	
Hangman	coins_small	consumable	0.99	100	coins		
Hangman	coins_large	consumable	2.99	500	coins		
Hangman	five_lives	consumable	0.99	5	lives		
Hangman	unlimited_lives_1h	consumable	0.99	inf	lives	1h	
Hangman	unlimited_lives_forever	non_consumable	4.99	inf	lives	forever	
Hangman	hint_pack	consumable	1.99	10	hints		
Hangman	starter_pack	consumable	0.99	bundle	coins+lives+hints		
Hangman	season_pass_monthly	subscription	1.99		subscription	P1M	
HarryPotterFan	remove_ads	non_consumable	2.99		ads_off	forever	
HarryPotterFan	coins_small	consumable	0.99	100	coins		
HarryPotterFan	coins_large	consumable	2.99	500	coins		
HarryPotterFan	five_lives	consumable	0.99	5	lives		
HarryPotterFan	unlimited_lives_1h	consumable	0.99	inf	lives	1h	
HarryPotterFan	unlimited_lives_forever	non_consumable	4.99	inf	lives	forever	
HarryPotterFan	hint_pack	consumable	1.99	10	hints		
HarryPotterFan	starter_pack	consumable	0.99	bundle	coins+lives+hints		
HarryPotterFan	season_pass_monthly	subscription	1.99		subscription	P1M	
HeadsUpGame	remove_ads	non_consumable	2.99		ads_off	forever	
HeadsUpGame	coins_small	consumable	0.99	100	coins		
HeadsUpGame	coins_large	consumable	2.99	500	coins		
HeadsUpGame	five_lives	consumable	0.99	5	lives		
HeadsUpGame	unlimited_lives_1h	consumable	0.99	inf	lives	1h	
HeadsUpGame	unlimited_lives_forever	non_consumable	4.99	inf	lives	forever	
HeadsUpGame	hint_pack	consumable	1.99	10	hints		
HeadsUpGame	starter_pack	consumable	0.99	bundle	coins+lives+hints		
HeadsUpGame	season_pass_monthly	subscription	1.99		subscription	P1M	
HiddenObject	remove_ads	non_consumable	2.99		ads_off	forever	
HiddenObject	coins_small	consumable	0.99	100	coins		
HiddenObject	coins_large	consumable	2.99	500	coins		
HiddenObject	five_lives	consumable	0.99	5	lives		
HiddenObject	unlimited_lives_1h	consumable	0.99	inf	lives	1h	
HiddenObject	unlimited_lives_forever	non_consumable	4.99	inf	lives	forever	
HiddenObject	hint_pack	consumable	1.99	10	hints		
HiddenObject	starter_pack	consumable	0.99	bundle	coins+lives+hints		
HiddenObject	season_pass_monthly	subscription	1.99		subscription	P1M	
HistoryQuiz	remove_ads	non_consumable	2.99		ads_off	forever	
HistoryQuiz	coins_small	consumable	0.99	100	coins		
HistoryQuiz	coins_large	consumable	2.99	500	coins		
HistoryQuiz	five_lives	consumable	0.99	5	lives		
HistoryQuiz	unlimited_lives_1h	consumable	0.99	inf	lives	1h	
HistoryQuiz	unlimited_lives_forever	non_consumable	4.99	inf	lives	forever	
HistoryQuiz	hint_pack	consumable	1.99	10	hints		
HistoryQuiz	starter_pack	consumable	0.99	bundle	coins+lives+hints		
HistoryQuiz	season_pass_monthly	subscription	1.99		subscription	P1M	
IceBreaker	remove_ads	non_consumable	2.99		ads_off	forever	
IceBreaker	coins_small	consumable	0.99	100	coins		
IceBreaker	coins_large	consumable	2.99	500	coins		
IceBreaker	five_lives	consumable	0.99	5	lives		
IceBreaker	unlimited_lives_1h	consumable	0.99	inf	lives	1h	
IceBreaker	unlimited_lives_forever	non_consumable	4.99	inf	lives	forever	
IceBreaker	hint_pack	consumable	1.99	10	hints		
IceBreaker	starter_pack	consumable	0.99	bundle	coins+lives+hints		
IceBreaker	season_pass_monthly	subscription	1.99		subscription	P1M	
JigsawPuzzle	remove_ads	non_consumable	2.99		ads_off	forever	
JigsawPuzzle	coins_small	consumable	0.99	100	coins		
JigsawPuzzle	coins_large	consumable	2.99	500	coins		
JigsawPuzzle	five_lives	consumable	0.99	5	lives		
JigsawPuzzle	unlimited_lives_1h	consumable	0.99	inf	lives	1h	
JigsawPuzzle	unlimited_lives_forever	non_consumable	4.99	inf	lives	forever	
JigsawPuzzle	hint_pack	consumable	1.99	10	hints		
JigsawPuzzle	starter_pack	consumable	0.99	bundle	coins+lives+hints		
JigsawPuzzle	season_pass_monthly	subscription	1.99		subscription	P1M	
Kaleidoscope	remove_ads	non_consumable	2.99		ads_off	forever	
Kaleidoscope	coins_small	consumable	0.99	100	coins		
Kaleidoscope	coins_large	consumable	2.99	500	coins		
KidsColoring	remove_ads	non_consumable	2.99		ads_off	forever	
KidsColoring	coins_small	consumable	0.99	100	coins		
KidsColoring	coins_large	consumable	2.99	500	coins		
KidsColoring	five_lives	consumable	0.99	5	lives		
KidsColoring	unlimited_lives_1h	consumable	0.99	inf	lives	1h	
KidsColoring	unlimited_lives_forever	non_consumable	4.99	inf	lives	forever	
KidsColoring	hint_pack	consumable	1.99	10	hints		
KidsColoring	starter_pack	consumable	0.99	bundle	coins+lives+hints		
KidsColoring	season_pass_monthly	subscription	1.99		subscription	P1M	
KidsDrum	remove_ads	non_consumable	2.99		ads_off	forever	
KidsDrum	coins_small	consumable	0.99	100	coins		
KidsDrum	coins_large	consumable	2.99	500	coins		
KidsDrum	five_lives	consumable	0.99	5	lives		
KidsDrum	unlimited_lives_1h	consumable	0.99	inf	lives	1h	
KidsDrum	unlimited_lives_forever	non_consumable	4.99	inf	lives	forever	
KidsDrum	hint_pack	consumable	1.99	10	hints		
KidsDrum	starter_pack	consumable	0.99	bundle	coins+lives+hints		
KidsDrum	season_pass_monthly	subscription	1.99		subscription	P1M	
KidsPiano	remove_ads	non_consumable	2.99		ads_off	forever	
KidsPiano	coins_small	consumable	0.99	100	coins		
KidsPiano	coins_large	consumable	2.99	500	coins		
KidsPiano	five_lives	consumable	0.99	5	lives		
KidsPiano	unlimited_lives_1h	consumable	0.99	inf	lives	1h	
KidsPiano	unlimited_lives_forever	non_consumable	4.99	inf	lives	forever	
KidsPiano	hint_pack	consumable	1.99	10	hints		
KidsPiano	starter_pack	consumable	0.99	bundle	coins+lives+hints		
KidsPiano	season_pass_monthly	subscription	1.99		subscription	P1M	
KnotPuzzle	remove_ads	non_consumable	2.99		ads_off	forever	
KnotPuzzle	coins_small	consumable	0.99	100	coins		
KnotPuzzle	coins_large	consumable	2.99	500	coins		
KnotPuzzle	five_lives	consumable	0.99	5	lives		
KnotPuzzle	unlimited_lives_1h	consumable	0.99	inf	lives	1h	
KnotPuzzle	unlimited_lives_forever	non_consumable	4.99	inf	lives	forever	
KnotPuzzle	hint_pack	consumable	1.99	10	hints		
KnotPuzzle	starter_pack	consumable	0.99	bundle	coins+lives+hints		
KnotPuzzle	season_pass_monthly	subscription	1.99		subscription	P1M	
LightsOut	remove_ads	non_consumable	2.99		ads_off	forever	
LightsOut	coins_small	consumable	0.99	100	coins		
LightsOut	coins_large	consumable	2.99	500	coins		
LoanCalculator	remove_ads	non_consumable	2.99		ads_off	forever	
LoanCalculator	coins_small	consumable	0.99	100	coins		
LoanCalculator	coins_large	consumable	2.99	500	coins		
LoanCalculator	five_lives	consumable	0.99	5	lives		
LoanCalculator	unlimited_lives_1h	consumable	0.99	inf	lives	1h	
LoanCalculator	unlimited_lives_forever	non_consumable	4.99	inf	lives	forever	
LoanCalculator	hint_pack	consumable	1.99	10	hints		
LoanCalculator	starter_pack	consumable	0.99	bundle	coins+lives+hints		
LoanCalculator	season_pass_monthly	subscription	1.99		subscription	P1M	
LogoQuiz	remove_ads	non_consumable	2.99		ads_off	forever	
LogoQuiz	coins_small	consumable	0.99	100	coins		
LogoQuiz	coins_large	consumable	2.99	500	coins		
LogoQuiz	five_lives	consumable	0.99	5	lives		
LogoQuiz	unlimited_lives_1h	consumable	0.99	inf	lives	1h	
LogoQuiz	unlimited_lives_forever	non_consumable	4.99	inf	lives	forever	
LogoQuiz	hint_pack	consumable	1.99	10	hints		
LogoQuiz	starter_pack	consumable	0.99	bundle	coins+lives+hints		
LogoQuiz	season_pass_monthly	subscription	1.99		subscription	P1M	
MahjongSolitaire	remove_ads	non_consumable	2.99		ads_off	forever	
MahjongSolitaire	coins_small	consumable	0.99	100	coins		
MahjongSolitaire	coins_large	consumable	2.99	500	coins		
MahjongSolitaire	five_lives	consumable	0.99	5	lives		
MahjongSolitaire	unlimited_lives_1h	consumable	0.99	inf	lives	1h	
MahjongSolitaire	unlimited_lives_forever	non_consumable	4.99	inf	lives	forever	
MahjongSolitaire	hint_pack	consumable	1.99	10	hints		
MahjongSolitaire	starter_pack	consumable	0.99	bundle	coins+lives+hints		
MahjongSolitaire	season_pass_monthly	subscription	1.99		subscription	P1M	
MandalaColor	remove_ads	non_consumable	2.99		ads_off	forever	
MandalaColor	coins_small	consumable	0.99	100	coins		
MandalaColor	coins_large	consumable	2.99	500	coins		
MandalaColor	five_lives	consumable	0.99	5	lives		
MandalaColor	unlimited_lives_1h	consumable	0.99	inf	lives	1h	
MandalaColor	unlimited_lives_forever	non_consumable	4.99	inf	lives	forever	
MandalaColor	hint_pack	consumable	1.99	10	hints		
MandalaColor	starter_pack	consumable	0.99	bundle	coins+lives+hints		
MandalaColor	season_pass_monthly	subscription	1.99		subscription	P1M	
Mastermind	remove_ads	non_consumable	2.99		ads_off	forever	
Mastermind	coins_small	consumable	0.99	100	coins		
Mastermind	coins_large	consumable	2.99	500	coins		
Mastermind	five_lives	consumable	0.99	5	lives		
Mastermind	unlimited_lives_1h	consumable	0.99	inf	lives	1h	
Mastermind	unlimited_lives_forever	non_consumable	4.99	inf	lives	forever	
Mastermind	hint_pack	consumable	1.99	10	hints		
Mastermind	starter_pack	consumable	0.99	bundle	coins+lives+hints		
Mastermind	season_pass_monthly	subscription	1.99		subscription	P1M	
MedicationReminder	remove_ads	non_consumable	2.99		ads_off	forever	
MedicationReminder	coins_small	consumable	0.99	100	coins		
MedicationReminder	coins_large	consumable	2.99	500	coins		
MedicationReminder	five_lives	consumable	0.99	5	lives		
MedicationReminder	unlimited_lives_1h	consumable	0.99	inf	lives	1h	
MedicationReminder	unlimited_lives_forever	non_consumable	4.99	inf	lives	forever	
MedicationReminder	hint_pack	consumable	1.99	10	hints		
MedicationReminder	starter_pack	consumable	0.99	bundle	coins+lives+hints		
MedicationReminder	season_pass_monthly	subscription	1.99		subscription	P1M	
MemoryCard	remove_ads	non_consumable	2.99		ads_off	forever	
MentalMathQuiz	remove_ads	non_consumable	2.99		ads_off	forever	
MentalMathQuiz	coins_small	consumable	0.99	100	coins		
MentalMathQuiz	coins_large	consumable	2.99	500	coins		
MentalMathQuiz	five_lives	consumable	0.99	5	lives		
MentalMathQuiz	unlimited_lives_1h	consumable	0.99	inf	lives	1h	
MentalMathQuiz	unlimited_lives_forever	non_consumable	4.99	inf	lives	forever	
MentalMathQuiz	hint_pack	consumable	1.99	10	hints		
MentalMathQuiz	starter_pack	consumable	0.99	bundle	coins+lives+hints		
MentalMathQuiz	season_pass_monthly	subscription	1.99		subscription	P1M	
Metronome	remove_ads	non_consumable	2.99		ads_off	forever	
Minesweeper	remove_ads	non_consumable	2.99		ads_off	forever	
Minesweeper	coins_small	consumable	0.99	100	coins		
Minesweeper	coins_large	consumable	2.99	500	coins		
Minesweeper	five_lives	consumable	0.99	5	lives		
Minesweeper	unlimited_lives_1h	consumable	0.99	inf	lives	1h	
Minesweeper	unlimited_lives_forever	non_consumable	4.99	inf	lives	forever	
Minesweeper	hint_pack	consumable	1.99	10	hints		
Minesweeper	starter_pack	consumable	0.99	bundle	coins+lives+hints		
Minesweeper	season_pass_monthly	subscription	1.99		subscription	P1M	
MoodTracker	remove_ads	non_consumable	2.99		ads_off	forever	
MoodTracker	coins_small	consumable	0.99	100	coins		
MoodTracker	coins_large	consumable	2.99	500	coins		
MoodTracker	five_lives	consumable	0.99	5	lives		
MoodTracker	unlimited_lives_1h	consumable	0.99	inf	lives	1h	
MoodTracker	unlimited_lives_forever	non_consumable	4.99	inf	lives	forever	
MoodTracker	hint_pack	consumable	1.99	10	hints		
MoodTracker	starter_pack	consumable	0.99	bundle	coins+lives+hints		
MoodTracker	season_pass_monthly	subscription	1.99		subscription	P1M	
MorseCode	remove_ads	non_consumable	2.99		ads_off	forever	
MorseCode	coins_small	consumable	0.99	100	coins		
MorseCode	coins_large	consumable	2.99	500	coins		
MorseCode	five_lives	consumable	0.99	5	lives		
MorseCode	unlimited_lives_1h	consumable	0.99	inf	lives	1h	
MorseCode	unlimited_lives_forever	non_consumable	4.99	inf	lives	forever	
MorseCode	hint_pack	consumable	1.99	10	hints		
MorseCode	starter_pack	consumable	0.99	bundle	coins+lives+hints		
MorseCode	season_pass_monthly	subscription	1.99		subscription	P1M	
MovieTrivia	remove_ads	non_consumable	2.99		ads_off	forever	
MovieTrivia	coins_small	consumable	0.99	100	coins		
MovieTrivia	coins_large	consumable	2.99	500	coins		
MovieTrivia	five_lives	consumable	0.99	5	lives		
MovieTrivia	unlimited_lives_1h	consumable	0.99	inf	lives	1h	
MovieTrivia	unlimited_lives_forever	non_consumable	4.99	inf	lives	forever	
MovieTrivia	hint_pack	consumable	1.99	10	hints		
MovieTrivia	starter_pack	consumable	0.99	bundle	coins+lives+hints		
MovieTrivia	season_pass_monthly	subscription	1.99		subscription	P1M	
MultiplicationGame	remove_ads	non_consumable	2.99		ads_off	forever	
MultiplicationGame	coins_small	consumable	0.99	100	coins		
MultiplicationGame	coins_large	consumable	2.99	500	coins		
MultiplicationGame	five_lives	consumable	0.99	5	lives		
MultiplicationGame	unlimited_lives_1h	consumable	0.99	inf	lives	1h	
MultiplicationGame	unlimited_lives_forever	non_consumable	4.99	inf	lives	forever	
MultiplicationGame	hint_pack	consumable	1.99	10	hints		
MultiplicationGame	starter_pack	consumable	0.99	bundle	coins+lives+hints		
MultiplicationGame	season_pass_monthly	subscription	1.99		subscription	P1M	
MusicTheory	remove_ads	non_consumable	2.99		ads_off	forever	
NeverHaveIEver	remove_ads	non_consumable	1.99		ads_off	forever	
NeverHaveIEver	coins_small	consumable	0.99	100	coins		
NeverHaveIEver	coins_large	consumable	2.99	500	coins		
NeverHaveIEver	starter_pack	consumable	0.99	bundle	coins+lives+hints		
Nonogram	remove_ads	non_consumable	2.99		ads_off	forever	
Nonogram	coins_small	consumable	0.99	100	coins		
Nonogram	coins_large	consumable	2.99	500	coins		
Nonogram	five_lives	consumable	0.99	5	lives		
Nonogram	unlimited_lives_1h	consumable	0.99	inf	lives	1h	
Nonogram	unlimited_lives_forever	non_consumable	4.99	inf	lives	forever	
Nonogram	hint_pack	consumable	1.99	10	hints		
Nonogram	starter_pack	consumable	0.99	bundle	coins+lives+hints		
Nonogram	season_pass_monthly	subscription	1.99		subscription	P1M	
NumberBase	remove_ads	non_consumable	2.99		ads_off	forever	
NumberBase	coins_small	consumable	0.99	100	coins		
NumberBase	coins_large	consumable	2.99	500	coins		
NumberBase	five_lives	consumable	0.99	5	lives		
NumberBase	unlimited_lives_1h	consumable	0.99	inf	lives	1h	
NumberBase	unlimited_lives_forever	non_consumable	4.99	inf	lives	forever	
NumberBase	hint_pack	consumable	1.99	10	hints		
NumberBase	starter_pack	consumable	0.99	bundle	coins+lives+hints		
NumberBase	season_pass_monthly	subscription	1.99		subscription	P1M	
NumberLink	remove_ads	non_consumable	2.99		ads_off	forever	
NumberLink	coins_small	consumable	0.99	100	coins		
NumberLink	coins_large	consumable	2.99	500	coins		
NumberLink	five_lives	consumable	0.99	5	lives		
NumberLink	unlimited_lives_1h	consumable	0.99	inf	lives	1h	
NumberLink	unlimited_lives_forever	non_consumable	4.99	inf	lives	forever	
NumberLink	hint_pack	consumable	1.99	10	hints		
NumberLink	starter_pack	consumable	0.99	bundle	coins+lives+hints		
NumberLink	season_pass_monthly	subscription	1.99		subscription	P1M	
NumberMemory	remove_ads	non_consumable	2.99		ads_off	forever	
NumberMemory	coins_small	consumable	0.99	100	coins		
NumberMemory	coins_large	consumable	2.99	500	coins		
NumberMemory	five_lives	consumable	0.99	5	lives		
NumberMemory	unlimited_lives_1h	consumable	0.99	inf	lives	1h	
NumberMemory	unlimited_lives_forever	non_consumable	4.99	inf	lives	forever	
NumberMemory	hint_pack	consumable	1.99	10	hints		
NumberMemory	starter_pack	consumable	0.99	bundle	coins+lives+hints		
NumberMemory	season_pass_monthly	subscription	1.99		subscription	P1M	
NumberTap	remove_ads	non_consumable	2.99		ads_off	forever	
NumberTap	coins_small	consumable	0.99	100	coins		
NumberTap	coins_large	consumable	2.99	500	coins		
NumberTap	five_lives	consumable	0.99	5	lives		
NumberTap	unlimited_lives_1h	consumable	0.99	inf	lives	1h	
NumberTap	unlimited_lives_forever	non_consumable	4.99	inf	lives	forever	
NumberTap	hint_pack	consumable	1.99	10	hints		
NumberTap	starter_pack	consumable	0.99	bundle	coins+lives+hints		
NumberTap	season_pass_monthly	subscription	1.99		subscription	P1M	
PackingChecklist	remove_ads	non_consumable	2.99		ads_off	forever	
PackingChecklist	coins_small	consumable	0.99	100	coins		
PackingChecklist	coins_large	consumable	2.99	500	coins		
PackingChecklist	five_lives	consumable	0.99	5	lives		
PackingChecklist	unlimited_lives_1h	consumable	0.99	inf	lives	1h	
PackingChecklist	unlimited_lives_forever	non_consumable	4.99	inf	lives	forever	
PackingChecklist	hint_pack	consumable	1.99	10	hints		
PackingChecklist	starter_pack	consumable	0.99	bundle	coins+lives+hints		
PackingChecklist	season_pass_monthly	subscription	1.99		subscription	P1M	
PackingList	remove_ads	non_consumable	2.99		ads_off	forever	
PackingList	coins_small	consumable	0.99	100	coins		
PackingList	coins_large	consumable	2.99	500	coins		
PackingList	five_lives	consumable	0.99	5	lives		
PackingList	unlimited_lives_1h	consumable	0.99	inf	lives	1h	
PackingList	unlimited_lives_forever	non_consumable	4.99	inf	lives	forever	
PackingList	hint_pack	consumable	1.99	10	hints		
PackingList	starter_pack	consumable	0.99	bundle	coins+lives+hints		
PackingList	season_pass_monthly	subscription	1.99		subscription	P1M	
PasswordGen	remove_ads	non_consumable	2.99		ads_off	forever	
PercentageCalc	remove_ads	non_consumable	2.99		ads_off	forever	
PercentageCalc	coins_small	consumable	0.99	100	coins		
PercentageCalc	coins_large	consumable	2.99	500	coins		
PercentageCalc	five_lives	consumable	0.99	5	lives		
PercentageCalc	unlimited_lives_1h	consumable	0.99	inf	lives	1h	
PercentageCalc	unlimited_lives_forever	non_consumable	4.99	inf	lives	forever	
PercentageCalc	hint_pack	consumable	1.99	10	hints		
PercentageCalc	starter_pack	consumable	0.99	bundle	coins+lives+hints		
PercentageCalc	season_pass_monthly	subscription	1.99		subscription	P1M	
PeriodTracker	remove_ads	non_consumable	2.99		ads_off	forever	
PeriodTracker	coins_small	consumable	0.99	100	coins		
PeriodTracker	coins_large	consumable	2.99	500	coins		
PeriodTracker	five_lives	consumable	0.99	5	lives		
PeriodTracker	unlimited_lives_1h	consumable	0.99	inf	lives	1h	
PeriodTracker	unlimited_lives_forever	non_consumable	4.99	inf	lives	forever	
PeriodTracker	hint_pack	consumable	1.99	10	hints		
PeriodTracker	starter_pack	consumable	0.99	bundle	coins+lives+hints		
PeriodTracker	season_pass_monthly	subscription	1.99		subscription	P1M	
PhoneticApp	remove_ads	non_consumable	2.99		ads_off	forever	
PhoneticApp	coins_small	consumable	0.99	100	coins		
PhoneticApp	coins_large	consumable	2.99	500	coins		
PhoneticApp	five_lives	consumable	0.99	5	lives		
PhoneticApp	unlimited_lives_1h	consumable	0.99	inf	lives	1h	
PhoneticApp	unlimited_lives_forever	non_consumable	4.99	inf	lives	forever	
PhoneticApp	hint_pack	consumable	1.99	10	hints		
PhoneticApp	starter_pack	consumable	0.99	bundle	coins+lives+hints		
PhoneticApp	season_pass_monthly	subscription	1.99		subscription	P1M	
Phrasebook	remove_ads	non_consumable	2.99		ads_off	forever	
Phrasebook	coins_small	consumable	0.99	100	coins		
Phrasebook	coins_large	consumable	2.99	500	coins		
Phrasebook	five_lives	consumable	0.99	5	lives		
Phrasebook	unlimited_lives_1h	consumable	0.99	inf	lives	1h	
Phrasebook	unlimited_lives_forever	non_consumable	4.99	inf	lives	forever	
Phrasebook	hint_pack	consumable	1.99	10	hints		
Phrasebook	starter_pack	consumable	0.99	bundle	coins+lives+hints		
Phrasebook	season_pass_monthly	subscription	1.99		subscription	P1M	
PianoKeyboard	remove_ads	non_consumable	2.99		ads_off	forever	
PinPull	remove_ads	non_consumable	2.99		ads_off	forever	
PinPull	coins_small	consumable	0.99	100	coins		
PinPull	coins_large	consumable	2.99	500	coins		
PinPull	five_lives	consumable	0.99	5	lives		
PinPull	unlimited_lives_1h	consumable	0.99	inf	lives	1h	
PinPull	unlimited_lives_forever	non_consumable	4.99	inf	lives	forever	
PinPull	hint_pack	consumable	1.99	10	hints		
PinPull	starter_pack	consumable	0.99	bundle	coins+lives+hints		
PinPull	season_pass_monthly	subscription	1.99		subscription	P1M	
PipeConnect	remove_ads	non_consumable	2.99		ads_off	forever	
PipeConnect	coins_small	consumable	0.99	100	coins		
PipeConnect	coins_large	consumable	2.99	500	coins		
PipeConnect	five_lives	consumable	0.99	5	lives		
PipeConnect	unlimited_lives_1h	consumable	0.99	inf	lives	1h	
PipeConnect	unlimited_lives_forever	non_consumable	4.99	inf	lives	forever	
PipeConnect	hint_pack	consumable	1.99	10	hints		
PipeConnect	starter_pack	consumable	0.99	bundle	coins+lives+hints		
PipeConnect	season_pass_monthly	subscription	1.99		subscription	P1M	
PixelArt	remove_ads	non_consumable	2.99		ads_off	forever	
PixelArt	coins_small	consumable	0.99	100	coins		
PixelArt	coins_large	consumable	2.99	500	coins		
PixelArt	five_lives	consumable	0.99	5	lives		
PixelArt	unlimited_lives_1h	consumable	0.99	inf	lives	1h	
PixelArt	unlimited_lives_forever	non_consumable	4.99	inf	lives	forever	
PixelArt	hint_pack	consumable	1.99	10	hints		
PixelArt	starter_pack	consumable	0.99	bundle	coins+lives+hints		
PixelArt	season_pass_monthly	subscription	1.99		subscription	P1M	
PlantWater	remove_ads	non_consumable	2.99		ads_off	forever	
PlantWater	coins_small	consumable	0.99	100	coins		
PlantWater	coins_large	consumable	2.99	500	coins		
PlantWater	five_lives	consumable	0.99	5	lives		
PlantWater	unlimited_lives_1h	consumable	0.99	inf	lives	1h	
PlantWater	unlimited_lives_forever	non_consumable	4.99	inf	lives	forever	
PlantWater	hint_pack	consumable	1.99	10	hints		
PlantWater	starter_pack	consumable	0.99	bundle	coins+lives+hints		
PlantWater	season_pass_monthly	subscription	1.99		subscription	P1M	
PomodoroTimer	remove_ads	non_consumable	2.99		ads_off	forever	
PomodoroTimer	coins_small	consumable	0.99	100	coins		
PomodoroTimer	coins_large	consumable	2.99	500	coins		
PostureReminder	remove_ads	non_consumable	2.99		ads_off	forever	
PostureReminder	coins_small	consumable	0.99	100	coins		
PostureReminder	coins_large	consumable	2.99	500	coins		
PostureReminder	five_lives	consumable	0.99	5	lives		
PostureReminder	unlimited_lives_1h	consumable	0.99	inf	lives	1h	
PostureReminder	unlimited_lives_forever	non_consumable	4.99	inf	lives	forever	
PostureReminder	hint_pack	consumable	1.99	10	hints		
PostureReminder	starter_pack	consumable	0.99	bundle	coins+lives+hints		
PostureReminder	season_pass_monthly	subscription	1.99		subscription	P1M	
PushUpCounter	remove_ads	non_consumable	2.99		ads_off	forever	
PushUpCounter	coins_small	consumable	0.99	100	coins		
PushUpCounter	coins_large	consumable	2.99	500	coins		
PushUpCounter	five_lives	consumable	0.99	5	lives		
PushUpCounter	unlimited_lives_1h	consumable	0.99	inf	lives	1h	
PushUpCounter	unlimited_lives_forever	non_consumable	4.99	inf	lives	forever	
PushUpCounter	hint_pack	consumable	1.99	10	hints		
PushUpCounter	starter_pack	consumable	0.99	bundle	coins+lives+hints		
PushUpCounter	season_pass_monthly	subscription	1.99		subscription	P1M	
Puzzle2048	remove_ads	non_consumable	2.99		ads_off	forever	
Puzzle2048	coins_small	consumable	0.99	100	coins		
Puzzle2048	coins_large	consumable	2.99	500	coins		
Puzzle2048	five_lives	consumable	0.99	5	lives		
Puzzle2048	unlimited_lives_1h	consumable	0.99	inf	lives	1h	
Puzzle2048	unlimited_lives_forever	non_consumable	4.99	inf	lives	forever	
Puzzle2048	undo_pack	consumable	0.99	10	undos		
Puzzle2048	starter_pack	consumable	0.99	bundle	coins+lives+hints		
Puzzle2048	season_pass_monthly	subscription	1.99		subscription	P1M	
QRCodeGen	remove_ads	non_consumable	2.99		ads_off	forever	
QRCodeGen	coins_small	consumable	0.99	100	coins		
QRCodeGen	coins_large	consumable	2.99	500	coins		
QRCodeGen	five_lives	consumable	0.99	5	lives		
QRCodeGen	unlimited_lives_1h	consumable	0.99	inf	lives	1h	
QRCodeGen	unlimited_lives_forever	non_consumable	4.99	inf	lives	forever	
QRCodeGen	hint_pack	consumable	1.99	10	hints		
QRCodeGen	starter_pack	consumable	0.99	bundle	coins+lives+hints		
QRCodeGen	season_pass_monthly	subscription	1.99		subscription	P1M	
QuitSmoking	remove_ads	non_consumable	2.99		ads_off	forever	
QuitSmoking	coins_small	consumable	0.99	100	coins		
QuitSmoking	coins_large	consumable	2.99	500	coins		
QuitSmoking	five_lives	consumable	0.99	5	lives		
QuitSmoking	unlimited_lives_1h	consumable	0.99	inf	lives	1h	
QuitSmoking	unlimited_lives_forever	non_consumable	4.99	inf	lives	forever	
QuitSmoking	hint_pack	consumable	1.99	10	hints		
QuitSmoking	starter_pack	consumable	0.99	bundle	coins+lives+hints		
QuitSmoking	season_pass_monthly	subscription	1.99		subscription	P1M	
RandomName	remove_ads	non_consumable	2.99		ads_off	forever	
RandomNumber	remove_ads	non_consumable	2.99		ads_off	forever	
RandomRecipe	remove_ads	non_consumable	2.99		ads_off	forever	
ReactionTime	remove_ads	non_consumable	2.99		ads_off	forever	
ReactionTime	coins_small	consumable	0.99	100	coins		
ReactionTime	coins_large	consumable	2.99	500	coins		
RecipeConverter	remove_ads	non_consumable	2.99		ads_off	forever	
RecipeConverter	coins_small	consumable	0.99	100	coins		
RecipeConverter	coins_large	consumable	2.99	500	coins		
RecipeConverter	five_lives	consumable	0.99	5	lives		
RecipeConverter	unlimited_lives_1h	consumable	0.99	inf	lives	1h	
RecipeConverter	unlimited_lives_forever	non_consumable	4.99	inf	lives	forever	
RecipeConverter	hint_pack	consumable	1.99	10	hints		
RecipeConverter	starter_pack	consumable	0.99	bundle	coins+lives+hints		
RecipeConverter	season_pass_monthly	subscription	1.99		subscription	P1M	
RomanNumeralConverter	remove_ads	non_consumable	2.99		ads_off	forever	
RomanNumeralConverter	coins_small	consumable	0.99	100	coins		
RomanNumeralConverter	coins_large	consumable	2.99	500	coins		
RomanNumeralConverter	five_lives	consumable	0.99	5	lives		
RomanNumeralConverter	unlimited_lives_1h	consumable	0.99	inf	lives	1h	
RomanNumeralConverter	unlimited_lives_forever	non_consumable	4.99	inf	lives	forever	
RomanNumeralConverter	hint_pack	consumable	1.99	10	hints		
RomanNumeralConverter	starter_pack	consumable	0.99	bundle	coins+lives+hints		
RomanNumeralConverter	season_pass_monthly	subscription	1.99		subscription	P1M	
SalaryCalculator	remove_ads	non_consumable	2.99		ads_off	forever	
SalaryCalculator	coins_small	consumable	0.99	100	coins		
SalaryCalculator	coins_large	consumable	2.99	500	coins		
SalaryCalculator	five_lives	consumable	0.99	5	lives		
SalaryCalculator	unlimited_lives_1h	consumable	0.99	inf	lives	1h	
SalaryCalculator	unlimited_lives_forever	non_consumable	4.99	inf	lives	forever	
SalaryCalculator	hint_pack	consumable	1.99	10	hints		
SalaryCalculator	starter_pack	consumable	0.99	bundle	coins+lives+hints		
SalaryCalculator	season_pass_monthly	subscription	1.99		subscription	P1M	
SatisfyingSlime	remove_ads	non_consumable	2.99		ads_off	forever	
SatisfyingSlime	coins_small	consumable	0.99	100	coins		
SatisfyingSlime	coins_large	consumable	2.99	500	coins		
SavingsGoal	remove_ads	non_consumable	2.99		ads_off	forever	
SavingsGoal	coins_small	consumable	0.99	100	coins		
SavingsGoal	coins_large	consumable	2.99	500	coins		
SavingsGoal	five_lives	consumable	0.99	5	lives		
SavingsGoal	unlimited_lives_1h	consumable	0.99	inf	lives	1h	
SavingsGoal	unlimited_lives_forever	non_consumable	4.99	inf	lives	forever	
SavingsGoal	hint_pack	consumable	1.99	10	hints		
SavingsGoal	starter_pack	consumable	0.99	bundle	coins+lives+hints		
SavingsGoal	season_pass_monthly	subscription	1.99		subscription	P1M	
ScienceQuiz	remove_ads	non_consumable	2.99		ads_off	forever	
ScienceQuiz	coins_small	consumable	0.99	100	coins		
ScienceQuiz	coins_large	consumable	2.99	500	coins		
ScienceQuiz	five_lives	consumable	0.99	5	lives		
ScienceQuiz	unlimited_lives_1h	consumable	0.99	inf	lives	1h	
ScienceQuiz	unlimited_lives_forever	non_consumable	4.99	inf	lives	forever	
ScienceQuiz	hint_pack	consumable	1.99	10	hints		
ScienceQuiz	starter_pack	consumable	0.99	bundle	coins+lives+hints		
ScienceQuiz	season_pass_monthly	subscription	1.99		subscription	P1M	
ScientificCalc	remove_ads	non_consumable	2.99		ads_off	forever	
ScientificCalc	coins_small	consumable	0.99	100	coins		
ScientificCalc	coins_large	consumable	2.99	500	coins		
ScientificCalc	five_lives	consumable	0.99	5	lives		
ScientificCalc	unlimited_lives_1h	consumable	0.99	inf	lives	1h	
ScientificCalc	unlimited_lives_forever	non_consumable	4.99	inf	lives	forever	
ScientificCalc	hint_pack	consumable	1.99	10	hints		
ScientificCalc	starter_pack	consumable	0.99	bundle	coins+lives+hints		
ScientificCalc	season_pass_monthly	subscription	1.99		subscription	P1M	
ScoreTracker	remove_ads	non_consumable	2.99		ads_off	forever	
ScoreTracker	coins_small	consumable	0.99	100	coins		
ScoreTracker	coins_large	consumable	2.99	500	coins		
ScoreTracker	five_lives	consumable	0.99	5	lives		
ScoreTracker	unlimited_lives_1h	consumable	0.99	inf	lives	1h	
ScoreTracker	unlimited_lives_forever	non_consumable	4.99	inf	lives	forever	
ScoreTracker	hint_pack	consumable	1.99	10	hints		
ScoreTracker	starter_pack	consumable	0.99	bundle	coins+lives+hints		
ScoreTracker	season_pass_monthly	subscription	1.99		subscription	P1M	
ScrewPuzzle	remove_ads	non_consumable	2.99		ads_off	forever	
ScrewPuzzle	coins_small	consumable	0.99	100	coins		
ScrewPuzzle	coins_large	consumable	2.99	500	coins		
ScrewPuzzle	five_lives	consumable	0.99	5	lives		
ScrewPuzzle	unlimited_lives_1h	consumable	0.99	inf	lives	1h	
ScrewPuzzle	unlimited_lives_forever	non_consumable	4.99	inf	lives	forever	
ScrewPuzzle	hint_pack	consumable	1.99	10	hints		
ScrewPuzzle	starter_pack	consumable	0.99	bundle	coins+lives+hints		
ScrewPuzzle	season_pass_monthly	subscription	1.99		subscription	P1M	
ShapesColors	remove_ads	non_consumable	2.99		ads_off	forever	
ShapesColors	coins_small	consumable	0.99	100	coins		
ShapesColors	coins_large	consumable	2.99	500	coins		
ShapesColors	five_lives	consumable	0.99	5	lives		
ShapesColors	unlimited_lives_1h	consumable	0.99	inf	lives	1h	
ShapesColors	unlimited_lives_forever	non_consumable	4.99	inf	lives	forever	
ShapesColors	hint_pack	consumable	1.99	10	hints		
ShapesColors	starter_pack	consumable	0.99	bundle	coins+lives+hints		
ShapesColors	season_pass_monthly	subscription	1.99		subscription	P1M	
SleepTracker	remove_ads	non_consumable	2.99		ads_off	forever	
SleepTracker	coins_small	consumable	0.99	100	coins		
SleepTracker	coins_large	consumable	2.99	500	coins		
SleepTracker	five_lives	consumable	0.99	5	lives		
SleepTracker	unlimited_lives_1h	consumable	0.99	inf	lives	1h	
SleepTracker	unlimited_lives_forever	non_consumable	4.99	inf	lives	forever	
SleepTracker	hint_pack	consumable	1.99	10	hints		
SleepTracker	starter_pack	consumable	0.99	bundle	coins+lives+hints		
SleepTracker	season_pass_monthly	subscription	1.99		subscription	P1M	
SlidingTiles	remove_ads	non_consumable	2.99		ads_off	forever	
SlidingTiles	coins_small	consumable	0.99	100	coins		
SlidingTiles	coins_large	consumable	2.99	500	coins		
SlidingTiles	five_lives	consumable	0.99	5	lives		
SlidingTiles	unlimited_lives_1h	consumable	0.99	inf	lives	1h	
SlidingTiles	unlimited_lives_forever	non_consumable	4.99	inf	lives	forever	
SlidingTiles	hint_pack	consumable	1.99	10	hints		
SlidingTiles	starter_pack	consumable	0.99	bundle	coins+lives+hints		
SlidingTiles	season_pass_monthly	subscription	1.99		subscription	P1M	
SnakeGame	remove_ads	non_consumable	2.99		ads_off	forever	
SnakeGame	coins_small	consumable	0.99	100	coins		
SnakeGame	coins_large	consumable	2.99	500	coins		
SnakeGame	five_lives	consumable	0.99	5	lives		
SnakeGame	unlimited_lives_1h	consumable	0.99	inf	lives	1h	
SnakeGame	unlimited_lives_forever	non_consumable	4.99	inf	lives	forever	
SnakeGame	hint_pack	consumable	1.99	10	hints		
SnakeGame	starter_pack	consumable	0.99	bundle	coins+lives+hints		
SnakeGame	season_pass_monthly	subscription	1.99		subscription	P1M	
SobrietyCounter	remove_ads	non_consumable	2.99		ads_off	forever	
SobrietyCounter	coins_small	consumable	0.99	100	coins		
SobrietyCounter	coins_large	consumable	2.99	500	coins		
SobrietyCounter	five_lives	consumable	0.99	5	lives		
SobrietyCounter	unlimited_lives_1h	consumable	0.99	inf	lives	1h	
SobrietyCounter	unlimited_lives_forever	non_consumable	4.99	inf	lives	forever	
SobrietyCounter	hint_pack	consumable	1.99	10	hints		
SobrietyCounter	starter_pack	consumable	0.99	bundle	coins+lives+hints		
SobrietyCounter	season_pass_monthly	subscription	1.99		subscription	P1M	
Sokoban	remove_ads	non_consumable	2.99		ads_off	forever	
Sokoban	coins_small	consumable	0.99	100	coins		
Sokoban	coins_large	consumable	2.99	500	coins		
Sokoban	five_lives	consumable	0.99	5	lives		
Sokoban	unlimited_lives_1h	consumable	0.99	inf	lives	1h	
Sokoban	unlimited_lives_forever	non_consumable	4.99	inf	lives	forever	
Sokoban	hint_pack	consumable	1.99	10	hints		
Sokoban	starter_pack	consumable	0.99	bundle	coins+lives+hints		
Sokoban	season_pass_monthly	subscription	1.99		subscription	P1M	
SolarSystem	remove_ads	non_consumable	2.99		ads_off	forever	
SolarSystem	coins_small	consumable	0.99	100	coins		
SolarSystem	coins_large	consumable	2.99	500	coins		
SolarSystem	five_lives	consumable	0.99	5	lives		
SolarSystem	unlimited_lives_1h	consumable	0.99	inf	lives	1h	
SolarSystem	unlimited_lives_forever	non_consumable	4.99	inf	lives	forever	
SolarSystem	hint_pack	consumable	1.99	10	hints		
SolarSystem	starter_pack	consumable	0.99	bundle	coins+lives+hints		
SolarSystem	season_pass_monthly	subscription	1.99		subscription	P1M	
Solitaire	remove_ads	non_consumable	2.99		ads_off	forever	
Solitaire	coins_small	consumable	0.99	100	coins		
Solitaire	coins_large	consumable	2.99	500	coins		
Solitaire	five_lives	consumable	0.99	5	lives		
Solitaire	unlimited_lives_1h	consumable	0.99	inf	lives	1h	
Solitaire	unlimited_lives_forever	non_consumable	4.99	inf	lives	forever	
Solitaire	hint_pack	consumable	1.99	10	hints		
Solitaire	starter_pack	consumable	0.99	bundle	coins+lives+hints		
Solitaire	season_pass_monthly	subscription	1.99		subscription	P1M	
SoundBoard	remove_ads	non_consumable	2.99		ads_off	forever	
SoundBoard	coins_small	consumable	0.99	100	coins		
SoundBoard	coins_large	consumable	2.99	500	coins		
SoundBoard	five_lives	consumable	0.99	5	lives		
SoundBoard	unlimited_lives_1h	consumable	0.99	inf	lives	1h	
SoundBoard	unlimited_lives_forever	non_consumable	4.99	inf	lives	forever	
SoundBoard	hint_pack	consumable	1.99	10	hints		
SoundBoard	starter_pack	consumable	0.99	bundle	coins+lives+hints		
SoundBoard	season_pass_monthly	subscription	1.99		subscription	P1M	
SpellingBee	remove_ads	non_consumable	2.99		ads_off	forever	
SpellingBee	coins_small	consumable	0.99	100	coins		
SpellingBee	coins_large	consumable	2.99	500	coins		
SpellingBee	five_lives	consumable	0.99	5	lives		
SpellingBee	unlimited_lives_1h	consumable	0.99	inf	lives	1h	
SpellingBee	unlimited_lives_forever	non_consumable	4.99	inf	lives	forever	
SpellingBee	hint_pack	consumable	1.99	10	hints		
SpellingBee	starter_pack	consumable	0.99	bundle	coins+lives+hints		
SpellingBee	season_pass_monthly	subscription	1.99		subscription	P1M	
SpinBottle	remove_ads	non_consumable	2.99		ads_off	forever	
SpinBottle	coins_small	consumable	0.99	100	coins		
SpinBottle	coins_large	consumable	2.99	500	coins		
SpinBottle	five_lives	consumable	0.99	5	lives		
SpinBottle	unlimited_lives_1h	consumable	0.99	inf	lives	1h	
SpinBottle	unlimited_lives_forever	non_consumable	4.99	inf	lives	forever	
SpinBottle	hint_pack	consumable	1.99	10	hints		
SpinBottle	starter_pack	consumable	0.99	bundle	coins+lives+hints		
SpinBottle	season_pass_monthly	subscription	1.99		subscription	P1M	
SportsQuiz	remove_ads	non_consumable	2.99		ads_off	forever	
SportsQuiz	coins_small	consumable	0.99	100	coins		
SportsQuiz	coins_large	consumable	2.99	500	coins		
SportsQuiz	five_lives	consumable	0.99	5	lives		
SportsQuiz	unlimited_lives_1h	consumable	0.99	inf	lives	1h	
SportsQuiz	unlimited_lives_forever	non_consumable	4.99	inf	lives	forever	
SportsQuiz	hint_pack	consumable	1.99	10	hints		
SportsQuiz	starter_pack	consumable	0.99	bundle	coins+lives+hints		
SportsQuiz	season_pass_monthly	subscription	1.99		subscription	P1M	
StepCounter	remove_ads	non_consumable	2.99		ads_off	forever	
StepCounter	coins_small	consumable	0.99	100	coins		
StepCounter	coins_large	consumable	2.99	500	coins		
StepCounter	five_lives	consumable	0.99	5	lives		
StepCounter	unlimited_lives_1h	consumable	0.99	inf	lives	1h	
StepCounter	unlimited_lives_forever	non_consumable	4.99	inf	lives	forever	
StepCounter	hint_pack	consumable	1.99	10	hints		
StepCounter	starter_pack	consumable	0.99	bundle	coins+lives+hints		
StepCounter	season_pass_monthly	subscription	1.99		subscription	P1M	
StopwatchTimer	remove_ads	non_consumable	2.99		ads_off	forever	
StopwatchTimer	coins_small	consumable	0.99	100	coins		
StopwatchTimer	coins_large	consumable	2.99	500	coins		
StroopTest	remove_ads	non_consumable	2.99		ads_off	forever	
Sudoku	remove_ads	non_consumable	2.99		ads_off	forever	
Sudoku	coins_small	consumable	0.99	100	coins		
Sudoku	coins_large	consumable	2.99	500	coins		
Sudoku	five_lives	consumable	0.99	5	lives		
Sudoku	unlimited_lives_1h	consumable	0.99	inf	lives	1h	
Sudoku	unlimited_lives_forever	non_consumable	4.99	inf	lives	forever	
Sudoku	hint_pack	consumable	1.99	10	hints		
Sudoku	starter_pack	consumable	0.99	bundle	coins+lives+hints		
Sudoku	season_pass_monthly	subscription	1.99		subscription	P1M	
Sumplete	remove_ads	non_consumable	2.99		ads_off	forever	
Sumplete	coins_small	consumable	0.99	100	coins		
Sumplete	coins_large	consumable	2.99	500	coins		
Sumplete	five_lives	consumable	0.99	5	lives		
Sumplete	unlimited_lives_1h	consumable	0.99	inf	lives	1h	
Sumplete	unlimited_lives_forever	non_consumable	4.99	inf	lives	forever	
Sumplete	hint_pack	consumable	1.99	10	hints		
Sumplete	starter_pack	consumable	0.99	bundle	coins+lives+hints		
Sumplete	season_pass_monthly	subscription	1.99		subscription	P1M	
TallyCounter	remove_ads	non_consumable	2.99		ads_off	forever	
TallyCounter	coins_small	consumable	0.99	100	coins		
TallyCounter	coins_large	consumable	2.99	500	coins		
TapColor	remove_ads	non_consumable	2.99		ads_off	forever	
TapColor	coins_small	consumable	0.99	100	coins		
TapColor	coins_large	consumable	2.99	500	coins		
TapColor	five_lives	consumable	0.99	5	lives		
TapColor	unlimited_lives_1h	consumable	0.99	inf	lives	1h	
TapColor	unlimited_lives_forever	non_consumable	4.99	inf	lives	forever	
TapColor	hint_pack	consumable	1.99	10	hints		
TapColor	starter_pack	consumable	0.99	bundle	coins+lives+hints		
TapColor	season_pass_monthly	subscription	1.99		subscription	P1M	
TetrisGame	remove_ads	non_consumable	2.99		ads_off	forever	
TetrisGame	coins_small	consumable	0.99	100	coins		
TetrisGame	coins_large	consumable	2.99	500	coins		
TetrisGame	five_lives	consumable	0.99	5	lives		
TetrisGame	unlimited_lives_1h	consumable	0.99	inf	lives	1h	
TetrisGame	unlimited_lives_forever	non_consumable	4.99	inf	lives	forever	
TetrisGame	hint_pack	consumable	1.99	10	hints		
TetrisGame	starter_pack	consumable	0.99	bundle	coins+lives+hints		
TetrisGame	season_pass_monthly	subscription	1.99		subscription	P1M	
TextCase	remove_ads	non_consumable	2.99		ads_off	forever	
TextCase	coins_small	consumable	0.99	100	coins		
TextCase	coins_large	consumable	2.99	500	coins		
TextCase	five_lives	consumable	0.99	5	lives		
TextCase	unlimited_lives_1h	consumable	0.99	inf	lives	1h	
TextCase	unlimited_lives_forever	non_consumable	4.99	inf	lives	forever	
TextCase	hint_pack	consumable	1.99	10	hints		
TextCase	starter_pack	consumable	0.99	bundle	coins+lives+hints		
TextCase	season_pass_monthly	subscription	1.99		subscription	P1M	
ThisOrThat	remove_ads	non_consumable	2.99		ads_off	forever	
ThisOrThat	coins_small	consumable	0.99	100	coins		
ThisOrThat	coins_large	consumable	2.99	500	coins		
ThisOrThat	five_lives	consumable	0.99	5	lives		
ThisOrThat	unlimited_lives_1h	consumable	0.99	inf	lives	1h	
ThisOrThat	unlimited_lives_forever	non_consumable	4.99	inf	lives	forever	
ThisOrThat	hint_pack	consumable	1.99	10	hints		
ThisOrThat	starter_pack	consumable	0.99	bundle	coins+lives+hints		
ThisOrThat	season_pass_monthly	subscription	1.99		subscription	P1M	
TimesTable	remove_ads	non_consumable	2.99		ads_off	forever	
TimesTable	coins_small	consumable	0.99	100	coins		
TimesTable	coins_large	consumable	2.99	500	coins		
TimesTable	five_lives	consumable	0.99	5	lives		
TimesTable	unlimited_lives_1h	consumable	0.99	inf	lives	1h	
TimesTable	unlimited_lives_forever	non_consumable	4.99	inf	lives	forever	
TimesTable	hint_pack	consumable	1.99	10	hints		
TimesTable	starter_pack	consumable	0.99	bundle	coins+lives+hints		
TimesTable	season_pass_monthly	subscription	1.99		subscription	P1M	
TimezoneConverter	remove_ads	non_consumable	2.99		ads_off	forever	
TimezoneConverter	coins_small	consumable	0.99	100	coins		
TimezoneConverter	coins_large	consumable	2.99	500	coins		
TimezoneConverter	five_lives	consumable	0.99	5	lives		
TimezoneConverter	unlimited_lives_1h	consumable	0.99	inf	lives	1h	
TimezoneConverter	unlimited_lives_forever	non_consumable	4.99	inf	lives	forever	
TimezoneConverter	hint_pack	consumable	1.99	10	hints		
TimezoneConverter	starter_pack	consumable	0.99	bundle	coins+lives+hints		
TimezoneConverter	season_pass_monthly	subscription	1.99		subscription	P1M	
TipCalculator	remove_ads	non_consumable	2.99		ads_off	forever	
TipCalculator	coins_small	consumable	0.99	100	coins		
TipCalculator	coins_large	consumable	2.99	500	coins		
TipCalculator	five_lives	consumable	0.99	5	lives		
TipCalculator	unlimited_lives_1h	consumable	0.99	inf	lives	1h	
TipCalculator	unlimited_lives_forever	non_consumable	4.99	inf	lives	forever	
TipCalculator	hint_pack	consumable	1.99	10	hints		
TipCalculator	starter_pack	consumable	0.99	bundle	coins+lives+hints		
TipCalculator	season_pass_monthly	subscription	1.99		subscription	P1M	
TrueOrFalse	remove_ads	non_consumable	2.99		ads_off	forever	
TrueOrFalse	coins_small	consumable	0.99	100	coins		
TrueOrFalse	coins_large	consumable	2.99	500	coins		
TrueOrFalse	five_lives	consumable	0.99	5	lives		
TrueOrFalse	unlimited_lives_1h	consumable	0.99	inf	lives	1h	
TrueOrFalse	unlimited_lives_forever	non_consumable	4.99	inf	lives	forever	
TrueOrFalse	hint_pack	consumable	1.99	10	hints		
TrueOrFalse	starter_pack	consumable	0.99	bundle	coins+lives+hints		
TrueOrFalse	season_pass_monthly	subscription	1.99		subscription	P1M	
TruthOrDare	remove_ads	non_consumable	2.99		ads_off	forever	
TruthOrDare	coins_small	consumable	0.99	100	coins		
TruthOrDare	coins_large	consumable	2.99	500	coins		
TruthOrDare	five_lives	consumable	0.99	5	lives		
TruthOrDare	unlimited_lives_1h	consumable	0.99	inf	lives	1h	
TruthOrDare	unlimited_lives_forever	non_consumable	4.99	inf	lives	forever	
TruthOrDare	hint_pack	consumable	1.99	10	hints		
TruthOrDare	starter_pack	consumable	0.99	bundle	coins+lives+hints		
TruthOrDare	season_pass_monthly	subscription	1.99		subscription	P1M	
TwentyQuestions	remove_ads	non_consumable	2.99		ads_off	forever	
TwoTruthsOneLie	remove_ads	non_consumable	2.99		ads_off	forever	
TwoTruthsOneLie	coins_small	consumable	0.99	100	coins		
TwoTruthsOneLie	coins_large	consumable	2.99	500	coins		
TwoTruthsOneLie	five_lives	consumable	0.99	5	lives		
TwoTruthsOneLie	unlimited_lives_1h	consumable	0.99	inf	lives	1h	
TwoTruthsOneLie	unlimited_lives_forever	non_consumable	4.99	inf	lives	forever	
TwoTruthsOneLie	hint_pack	consumable	1.99	10	hints		
TwoTruthsOneLie	starter_pack	consumable	0.99	bundle	coins+lives+hints		
TwoTruthsOneLie	season_pass_monthly	subscription	1.99		subscription	P1M	
UnblockPuzzle	remove_ads	non_consumable	2.99		ads_off	forever	
UnblockPuzzle	coins_small	consumable	0.99	100	coins		
UnblockPuzzle	coins_large	consumable	2.99	500	coins		
UnblockPuzzle	five_lives	consumable	0.99	5	lives		
UnblockPuzzle	unlimited_lives_1h	consumable	0.99	inf	lives	1h	
UnblockPuzzle	unlimited_lives_forever	non_consumable	4.99	inf	lives	forever	
UnblockPuzzle	hint_pack	consumable	1.99	10	hints		
UnblockPuzzle	starter_pack	consumable	0.99	bundle	coins+lives+hints		
UnblockPuzzle	season_pass_monthly	subscription	1.99		subscription	P1M	
UnitConverter	remove_ads	non_consumable	2.99		ads_off	forever	
UnitConverter	coins_small	consumable	0.99	100	coins		
UnitConverter	coins_large	consumable	2.99	500	coins		
UnitConverter	five_lives	consumable	0.99	5	lives		
UnitConverter	unlimited_lives_1h	consumable	0.99	inf	lives	1h	
UnitConverter	unlimited_lives_forever	non_consumable	4.99	inf	lives	forever	
UnitConverter	hint_pack	consumable	1.99	10	hints		
UnitConverter	starter_pack	consumable	0.99	bundle	coins+lives+hints		
UnitConverter	season_pass_monthly	subscription	1.99		subscription	P1M	
VATCalculator	remove_ads	non_consumable	2.99		ads_off	forever	
VATCalculator	coins_small	consumable	0.99	100	coins		
VATCalculator	coins_large	consumable	2.99	500	coins		
VATCalculator	five_lives	consumable	0.99	5	lives		
VATCalculator	unlimited_lives_1h	consumable	0.99	inf	lives	1h	
VATCalculator	unlimited_lives_forever	non_consumable	4.99	inf	lives	forever	
VATCalculator	hint_pack	consumable	1.99	10	hints		
VATCalculator	starter_pack	consumable	0.99	bundle	coins+lives+hints		
VATCalculator	season_pass_monthly	subscription	1.99		subscription	P1M	
WaterReminder	remove_ads	non_consumable	2.99		ads_off	forever	
WaterReminder	coins_small	consumable	0.99	100	coins		
WaterReminder	coins_large	consumable	2.99	500	coins		
WaterReminder	five_lives	consumable	0.99	5	lives		
WaterReminder	unlimited_lives_1h	consumable	0.99	inf	lives	1h	
WaterReminder	unlimited_lives_forever	non_consumable	4.99	inf	lives	forever	
WaterReminder	hint_pack	consumable	1.99	10	hints		
WaterReminder	starter_pack	consumable	0.99	bundle	coins+lives+hints		
WaterReminder	season_pass_monthly	subscription	1.99		subscription	P1M	
WaterSortPuzzle	remove_ads	non_consumable	2.99		ads_off	forever	
WaterSortPuzzle	coins_small	consumable	0.99	100	coins		
WaterSortPuzzle	coins_large	consumable	2.99	500	coins		
WaterSortPuzzle	five_lives	consumable	0.99	5	lives		
WaterSortPuzzle	unlimited_lives_1h	consumable	0.99	inf	lives	1h	
WaterSortPuzzle	unlimited_lives_forever	non_consumable	4.99	inf	lives	forever	
WaterSortPuzzle	unlimited_undos	non_consumable	3.99	inf	undos	forever	
WaterSortPuzzle	hint_pack	consumable	1.99	10	hints		
WaterSortPuzzle	starter_pack	consumable	0.99	bundle	coins+lives+hints		
WaterSortPuzzle	season_pass_monthly	subscription	1.99		subscription	P1M	
WhackaMole	remove_ads	non_consumable	2.99		ads_off	forever	
WhackaMole	coins_small	consumable	0.99	100	coins		
WhackaMole	coins_large	consumable	2.99	500	coins		
WhackaMole	five_lives	consumable	0.99	5	lives		
WhackaMole	unlimited_lives_1h	consumable	0.99	inf	lives	1h	
WhackaMole	unlimited_lives_forever	non_consumable	4.99	inf	lives	forever	
WhackaMole	hint_pack	consumable	1.99	10	hints		
WhackaMole	starter_pack	consumable	0.99	bundle	coins+lives+hints		
WhackaMole	season_pass_monthly	subscription	1.99		subscription	P1M	
WhiteNoise	remove_ads	non_consumable	2.99		ads_off	forever	
WhiteNoise	coins_small	consumable	0.99	100	coins		
WhiteNoise	coins_large	consumable	2.99	500	coins		
WhiteNoise	five_lives	consumable	0.99	5	lives		
WhiteNoise	unlimited_lives_1h	consumable	0.99	inf	lives	1h	
WhiteNoise	unlimited_lives_forever	non_consumable	4.99	inf	lives	forever	
WhiteNoise	hint_pack	consumable	1.99	10	hints		
WhiteNoise	starter_pack	consumable	0.99	bundle	coins+lives+hints		
WhiteNoise	season_pass_monthly	subscription	1.99		subscription	P1M	
WordConnect	remove_ads	non_consumable	2.99		ads_off	forever	
WordConnect	coins_small	consumable	0.99	100	coins		
WordConnect	coins_large	consumable	2.99	500	coins		
WordConnect	five_lives	consumable	0.99	5	lives		
WordConnect	unlimited_lives_1h	consumable	0.99	inf	lives	1h	
WordConnect	unlimited_lives_forever	non_consumable	4.99	inf	lives	forever	
WordConnect	hint_pack	consumable	1.99	10	hints		
WordConnect	starter_pack	consumable	0.99	bundle	coins+lives+hints		
WordConnect	season_pass_monthly	subscription	1.99		subscription	P1M	
WordLadder	remove_ads	non_consumable	2.99		ads_off	forever	
WordLadder	coins_small	consumable	0.99	100	coins		
WordLadder	coins_large	consumable	2.99	500	coins		
WordLadder	five_lives	consumable	0.99	5	lives		
WordLadder	unlimited_lives_1h	consumable	0.99	inf	lives	1h	
WordLadder	unlimited_lives_forever	non_consumable	4.99	inf	lives	forever	
WordLadder	hint_pack	consumable	1.99	10	hints		
WordLadder	starter_pack	consumable	0.99	bundle	coins+lives+hints		
WordLadder	season_pass_monthly	subscription	1.99		subscription	P1M	
WordScramble	remove_ads	non_consumable	2.99		ads_off	forever	
WordSearch	remove_ads	non_consumable	2.99		ads_off	forever	
WordleClone	remove_ads	non_consumable	2.99		ads_off	forever	
WordleClone	coins_small	consumable	0.99	100	coins		
WordleClone	coins_large	consumable	2.99	500	coins		
WordleClone	five_lives	consumable	0.99	5	lives		
WordleClone	unlimited_lives_1h	consumable	0.99	inf	lives	1h	
WordleClone	unlimited_lives_forever	non_consumable	4.99	inf	lives	forever	
WordleClone	hint_pack	consumable	1.99	10	hints		
WordleClone	starter_pack	consumable	0.99	bundle	coins+lives+hints		
WordleClone	season_pass_monthly	subscription	1.99		subscription	P1M	
WorkoutLog	remove_ads	non_consumable	2.99		ads_off	forever	
WorkoutLog	coins_small	consumable	0.99	100	coins		
WorkoutLog	coins_large	consumable	2.99	500	coins		
WorkoutLog	five_lives	consumable	0.99	5	lives		
WorkoutLog	unlimited_lives_1h	consumable	0.99	inf	lives	1h	
WorkoutLog	unlimited_lives_forever	non_consumable	4.99	inf	lives	forever	
WorkoutLog	hint_pack	consumable	1.99	10	hints		
WorkoutLog	starter_pack	consumable	0.99	bundle	coins+lives+hints		
WorkoutLog	season_pass_monthly	subscription	1.99		subscription	P1M	
WorldClock	remove_ads	non_consumable	2.99		ads_off	forever	
WorldClock	coins_small	consumable	0.99	100	coins		
WorldClock	coins_large	consumable	2.99	500	coins		
WouldYouRather	remove_ads	non_consumable	2.99		ads_off	forever	
WouldYouRather	coins_small	consumable	0.99	100	coins		
WouldYouRather	coins_large	consumable	2.99	500	coins		
WouldYouRather	five_lives	consumable	0.99	5	lives		
WouldYouRather	unlimited_lives_1h	consumable	0.99	inf	lives	1h	
WouldYouRather	unlimited_lives_forever	non_consumable	4.99	inf	lives	forever	
WouldYouRather	hint_pack	consumable	1.99	10	hints		
WouldYouRather	starter_pack	consumable	0.99	bundle	coins+lives+hints		
WouldYouRather	season_pass_monthly	subscription	1.99		subscription	P1M	
YarnSort	remove_ads	non_consumable	2.99		ads_off	forever	
YarnSort	coins_small	consumable	0.99	100	coins		
YarnSort	coins_large	consumable	2.99	500	coins		
YarnSort	five_lives	consumable	0.99	5	lives		
YarnSort	unlimited_lives_1h	consumable	0.99	inf	lives	1h	
YarnSort	unlimited_lives_forever	non_consumable	4.99	inf	lives	forever	
YarnSort	hint_pack	consumable	1.99	10	hints		
YarnSort	starter_pack	consumable	0.99	bundle	coins+lives+hints		
YarnSort	season_pass_monthly	subscription	1.99		subscription	P1M	
ZenGarden	remove_ads	non_consumable	2.99		ads_off	forever	
ZenGarden	coins_small	consumable	0.99	100	coins		
ZenGarden	coins_large	consumable	2.99	500	coins		
ZenGarden	five_lives	consumable	0.99	5	lives		
ZenGarden	unlimited_lives_1h	consumable	0.99	inf	lives	1h	
ZenGarden	unlimited_lives_forever	non_consumable	4.99	inf	lives	forever	
ZenGarden	hint_pack	consumable	1.99	10	hints		
ZenGarden	starter_pack	consumable	0.99	bundle	coins+lives+hints		
ZenGarden	season_pass_monthly	subscription	1.99		subscription	P1M	
